filename,width,height,class,xmin,ymin,width,height,xmax,ymax,
ti01410757.jpg,224,224,table,357,72,320,590,677,662,
ti01410757.jpg,224,224,table,290,73,67,402,357,475,
ti01410757.jpg,224,224,text,364,601,12,44,376,645,
ti01410757.jpg,224,224,text,365,365,10,57,375,422,
ti01410757.jpg,224,224,text,364,122,12,38.7,376,122,
ti01410757.jpg,224,224,text,654,298,18,99,672,397,
ti10161372.jpg,224,224,table,29,353,650,589,679,942,
ti10161372.jpg,224,224,text,102,400,425,60,527,460,
ti10161372.jpg,224,224,text,106,486,414,49,520,535,
ti10161372.jpg,224,224,text,569,494,73,14.6663,642,494,
ti10161372.jpg,224,224,text,105,524,418,99,523,623,
ti10161372.jpg,224,224,text,37,522,24,15,61,537,
ti10161372.jpg,224,224,text,36,470,36,11,72,481,
ti10161372.jpg,224,224,text,566,605,73,17,639,622,
ti10161372.jpg,224,224,text,105,646,406,25,511,671,
ti10161372.jpg,224,224,text,104,688,376,44,480,732,
ti10161404.jpg,224,224,table,30,341,650,600,680,941,
ti10161404.jpg,224,224,logo,45,118,272,66,317,184,
ti10161422.jpg,224,224,table,121,262,453,292,574,554,
ti10161433.jpg,224,224,logo,76,96,172,37,248,133,
ti10161433.jpg,224,224,text,74,213,224,68,298,281,
ti10161457.jpg,224,224,logo,41,125,192,46,233,171,
ti10161457.jpg,224,224,table,29,354,640,600,669,954,
ti10161457.jpg,224,224,text,114,596,416,141,530,737,
ti10161457.jpg,224,224,text,52,473,21,16,73,489,
ti10161457.jpg,224,224,text,49,745,18,21,67,766,
ti10161457.jpg,224,224,text,52,593,30,17,82,610,
ti10161457.jpg,224,224,text,122,406,398,30,520,436,
ti10161457.jpg,224,224,text,118,500,404,86,522,586,
ti10161457.jpg,224,224,text,117,770,409,43,526,813,
ti10161484.jpg,224,224,table,29,365,686,594,715,959,
ti10161484.jpg,224,224,logo,37,129,277,62,314,191,
ti10161491.jpg,224,224,logo,217,153,286,33,503,186,
ti10161491.jpg,224,224,table,29,397,656,552,685,949,
ti10161592.jpg,224,224,table,69,191,204,662,273,853,
ti10161592.jpg,224,224,text,89,748,16,60,105,808,
ti10161592.jpg,224,224,text,90,549,11,140,101,689,
ti10161592.jpg,224,224,text,91,207,17,113,108,320,
ti10161592.jpg,224,224,text,89,704,16,68,105,772,
ti10161592.jpg,224,224,text,41,779,10,58,51,837,
ti10161630.jpg,224,224,table,65,446,577,292,642,738,
ti10161630.jpg,224,224,text,68,534,394,55,462,589,
ti10161630.jpg,224,224,text,66,626,154,29,220,655,
ti10161630.jpg,224,224,text,517,544,85,45,602,589,
ti10161630.jpg,224,224,text,513,670,93,15,606,685,
ti10161631.jpg,224,224,table,70,485,601,268,671,753,
ti11121470.jpg,224,224,table,49,292,626,516,675,808,
ti11492017.jpg,224,224,table,89,254,473,288,562,542,
ti11492017.jpg,224,224,text,125,324,290,44,415,368,
ti11492017.jpg,224,224,text,506,296,50,18,556,314,
ti11492017.jpg,224,224,text,361,517,197,21,558,538,
ti11492017.jpg,224,224,text,122,445,222,49,344,494,
ti11492017.jpg,224,224,text,361,517,197,21,558,538,
ti11492017.jpg,224,224,text,122,445,222,49,344,494,
ti11492270.jpg,224,224,table,22,114,661,828,683,942,
ti11492270.jpg,224,224,text,80,386,352,264,432,650,
ti11492270.jpg,224,224,text,42,277,296,57,338,334,
ti11492276_2278.jpg,224,224,table,20,169,673,797,693,966,
ti11492276_2278.jpg,224,224,text,93,446,321,286,414,732,
ti11492276_2278.jpg,224,224,text,26,330,294,59,320,389,
ti11492276_2278.jpg,224,224,text,512,182,88,21,600,203,
ti11492288_2290.jpg,224,224,table,36,166,661,784,697,950,
ti11492288_2290.jpg,224,224,text,50,324,278,56,328,380,
ti11492288_2290.jpg,224,224,text,113,442,306,274,419,716,
ti11492288_2290.jpg,224,224,text,46,798,220,30,266,828,
ti11492291_2293.jpg,224,224,table,18,178,670,785,688,963,
ti11492291_2293.jpg,224,224,text,94,454,321,281,415,735,
ti11492291_2293.jpg,224,224,text,30,338,290,57,320,395,
ti11492305_2306.jpg,224,224,table,25,118,669,834,694,952,
ti11492316_2318.jpg,224,224,table,24,136,669,824,693,960,
ti11492407_2408.jpg,224,224,table,22,130,654,825,676,955,
ti11492415_2417.jpg,224,224,table,25,160,666,801,691,961,
ti11492427_2429.jpg,224,224,table,21,181,671,777,692,958,
ti11492427_2429.jpg,224,224,text,94,460,325,280,419,740,
ti11492443_2445.jpg,224,224,table,21,125,664,826,685,951,
ti11492443_2445.jpg,224,224,text,93,401,324,280,417,681,
ti11492443_2445.jpg,224,224,text,22,276,318,61,340,337,
ti11492443_2445.jpg,224,224,text,138,357,242,21,380,378,
ti11492443_2445.jpg,224,224,text,448,350,57,26,505,376,
ti11492443_2445.jpg,224,224,text,22,196,242,25,264,221,
ti11492443_2445.jpg,224,224,text,489,129,118,26,607,155,
ti11492446_2448.jpg,224,224,table,30,129,658,829,688,958,
ti11492446_2448.jpg,224,224,text,136,357,246,25,382,382,
ti11492446_2448.jpg,224,224,text,446,354,58,23,504,377,
ti11492446_2448.jpg,224,224,text,104,402,318,282,422,684,
ti11492446_2448.jpg,224,224,text,516,349,33,36,549,385,
ti11492446_2448.jpg,224,224,text,621,188,70,16,691,204,
ti11492446_2448.jpg,224,224,text,32,360,46,16,78,376,
ti11492446_2448.jpg,224,224,text,136,357,246,25,382,382,
ti11492446_2448.jpg,224,224,text,493,130,106,33,599,163,
ti11492446_2448.jpg,224,224,text,41,290,289,54,330,344,
ti11492452_2454.jpg,224,224,table,36,145,651,813,687,958,
ti11492452_2454.jpg,224,224,text,104,416,321,280,425,696,
ti11492452_2454.jpg,224,224,text,145,366,240,25,385,391,
ti11492452_2454.jpg,224,224,text,454,370,55,22,509,392,
ti11492452_2454.jpg,224,224,text,333,865,170,9,503,874,
ti11492452_2454.jpg,224,224,text,38,293,302,66,340,359,
ti11492452_2454.jpg,224,224,text,48,224,221,16,269,240,
ti11492452_2454.jpg,224,224,text,37,242,274,23,311,265,
ti11492458_2460.jpg,224,224,table,25,128,654,832,679,960,
ti11492458_2460.jpg,224,224,text,99,389,318,281,417,670,
ti11492458_2460.jpg,224,224,text,137,356,241,22,378,378,
ti11492458_2460.jpg,224,224,text,28,276,308,68,336,344,
ti11492458_2460.jpg,224,224,text,324,824,332,24,656,848,
ti11492458_2460.jpg,224,224,text,620,794,70,19,690,813,
ti11492458_2460.jpg,224,224,text,563,793,37,16,600,809,
ti11492458_2460.jpg,224,224,text,449,357,55,23,504,380,
ti11492458_2460.jpg,224,224,text,519,352,32,34,551,386,
ti11492458_2460.jpg,224,224,text,27,355,44,15,71,370,
ti11492458_2460.jpg,224,224,text,47,200,213,15,260,215,
ti11492463_2465.jpg,224,224,table,26,132,647,820,673,952,
ti11492463_2465.jpg,224,224,text,98,406,314,280,412,686,
ti11492463_2465.jpg,224,224,text,136,354,240,37,376,391,
ti11492463_2465.jpg,224,224,text,442,360,62,24,504,384,
ti11492463_2465.jpg,224,224,text,32,281,292,69,324,350,
ti11492463_2465.jpg,224,224,text,324,820,326,28,650,848,
ti11492463_2465.jpg,224,224,text,321,853,174,17,495,870,
ti11492463_2465.jpg,224,224,text,620,789,65,25,685,814,
ti11492463_2465.jpg,224,224,text,509,350,36,37,545,387,
ti11492463_2465.jpg,224,224,text,40,210,221,15,261,225,
ti11492463_2465.jpg,224,224,text,488,136,108,29,596,165,
ti11492463_2465.jpg,224,224,text,36,293,284,54,320,347,
ti11492463_2465.jpg,224,224,text,486,258,132,24,618,282,
ti11492463_2465.jpg,224,224,text,486,283,104,27,590,310,
ti11492463_2465.jpg,224,224,text,442,360,62,24,504,384,
ti12590148.jpg,224,224,table,180,282,366,246,546,528,
ti12590148.jpg,224,224,text,112,161,437,53,549,214,
ti12590148.jpg,224,224,text,152,594,425,47,577,641,
ti14861145.jpg,224,224,table,142,363,482,128,624,491,
ti14861145.jpg,224,224,text,145,387,128,13,273,400,
ti14861145.jpg,224,224,text,146,414,141,13,287,427,
ti14861145.jpg,224,224,text,145,442,97,10,242,452,
ti14861145.jpg,224,224,text,143,486,119,16,262,502,
ti14861145.jpg,224,224,text,562,385,47,17,609,402,
ti14861145.jpg,224,224,text,561,414,55,11,616,425,
ti14861145.jpg,224,224,text,562,439,51,15,613,454,
ti14861145.jpg,224,224,text,574,467,39,15,613,482,
ti14940065.jpg,224,224,table,73,308,597,505,670,813,
ti14940067.jpg,224,224,table,244,157,245,610,489,767,
ti14940106.jpg,224,224,table,69,307,606,518,675,825,
ti14940106.jpg,224,224,text,278,529,194,17,472,546,
ti14940106.jpg,224,224,text,95,564,81,31,176,595,
ti14940106.jpg,224,224,text,208,562,66,26,274,588,
ti14940106.jpg,224,224,text,302,563,54,27,356,590,
ti14940106.jpg,224,224,text,427,573,85,20,512,593,
ti14940106.jpg,224,224,text,585,579,57,13,642,592,
ti14940106.jpg,224,224,text,85,358,54,14,139,372,
ti14940106.jpg,224,224,text,82,450,92,20,174,470,
ti15149006_9007.jpg,224,224,table,245,311,276,22,521,333,
ti15149006_9007.jpg,224,224,text,83,408,482,36,565,444,
ti15149006_9007.jpg,224,224,text,88,281,263,79,351,360,
ti15149006_9007.jpg,224,224,text,97,482,62,46,159,528,
ti15149006_9007.jpg,224,224,text,184,484,70,28,254,512,
ti15149006_9007.jpg,224,224,text,277,483,60,29,337,512,
ti15149006_9007.jpg,224,224,text,377,497,114,16,491,513,
ti15149006_9007.jpg,224,224,text,558,529,50,16,608,545,
ti15149006_9007.jpg,224,224,text,573,496,64,17,637,513,
ti15149006_9007.jpg,224,224,text,239,248,160,14,399,262,
ti15269213_9214.jpg,224,224,text,130,212,149,56,279,268,
ti15269213_9214.jpg,224,224,table,111,450,576,163,687,613,
ti15269213_9214.jpg,224,224,text,110,662,572,181,682,843,
ti15269213_9214.jpg,224,224,text,265,692,236,19,501,711,
ti15269213_9214.jpg,224,224,text,316,419,150,14,466,433,
ti15269213_9214.jpg,224,224,text,190,352,399,37,589,389,
ti15269213_9214.jpg,224,224,text,245,311,276,22,521,333,
ti15269213_9214.jpg,224,224,text,111,481,77,18,188,499,
ti15269213_9214.jpg,224,224,text,122,770,300,18,422,788,
ti15269213_9214.jpg,224,224,text,606,590,76,19,682,609,
ti15269213_9214.jpg,224,224,text,602,826,80,16,682,842,
ti15269213_9214.jpg,224,224,text,610,451,73,15,683,466,
ti15269213_9214.jpg,224,224,text,507,265,184,17,691,282,
ti15269213_9214.jpg,224,224,text,57,231,186,22,243,253,
ti15269213_9214.jpg,224,224,text,642,691,81,20,723,711,
ti15269402.jpg,224,224,table,103,391,577,138,680,529,
ti15269402.jpg,224,224,table,104,562,572,121,676,683,
ti15269402.jpg,224,224,table,106,711,569,66,675,777,
ti15269402.jpg,224,224,text,285,376,175,15,460,391,
ti15269402.jpg,224,224,text,228,542,283,12,511,554,
ti15269402.jpg,224,224,text,292,692,164,16,456,708,
ti15269402.jpg,224,224,text,108,801,105,18,213,819,
ti15269402.jpg,224,224,text,575,801,100,17,675,818,
ti15269402.jpg,224,224,text,184,326,373,34,557,360,
ti15269402.jpg,224,224,text,104,397,141,15,245,412,
ti15269402.jpg,224,224,text,216,280,292,18,508,298,
ti15269402.jpg,224,224,text,255,102,225,62,480,164,
ti15269536.jpg,224,224,table,90,262,256,130,346,392,
ti15269536.jpg,224,224,table,413,262,248,134,661,396,
ti15269536.jpg,224,224,table,417,417,254,60,671,477,
ti15269536.jpg,224,224,table,61,458,601,493,662,951,
ti15269536.jpg,224,224,text,133,128,480,33,613,161,
ti15269536.jpg,224,224,text,200,465,66,14,266,479,
ti15269536.jpg,224,224,text,69,500,318,162,387,662,
ti15269536.jpg,224,224,text,94,293,184,72,278,365,
ti15269536.jpg,224,224,text,109,270,66,15,175,285,
ti15269536.jpg,224,224,text,472,498,49,149,521,647,
ti15269536.jpg,224,224,text,473,858,70,34,543,892,
ti15269536.jpg,224,224,text,474,900,85,29,559,929,
ti15269536.jpg,224,224,text,592,864,60,20,652,884,
ti15269536.jpg,224,224,text,617,906,37,14,654,920,
ti15269536.jpg,224,224,text,566,466,51,14.6663,617,466,
ti15269536.jpg,224,224,text,420,294,202,73,622,367,
ti15269536.jpg,224,224,text,133,128,480,33,613,161,
ti15349892_9893.jpg,224,224,table,42,425,644,300,686,725,
ti15349892_9893.jpg,224,224,text,46,256,234,81,280,337,
ti15349892_9893.jpg,224,224,text,46,353,418,28,464,381,
ti15358003.jpg,224,224,table,40,344,650,245,690,589,
ti15358103.jpg,224,224,table,68,475,564,331,632,806,
ti15358103.jpg,224,224,text,68,261,516,236,584,497,
ti15359176.jpg,224,224,table,96,209,516,236,612,445,
ti15359176.jpg,224,224,text,109,207,240,67,349,274,
ti15620757_0760.jpg,224,224,table,54,133,641,640,695,773,
ti15630651.jpg,224,224,text,112,456,523,61,635,517,
ti15630651.jpg,224,224,logo,338,96,61,61,399,157,
ti15630654.jpg,224,224,logo,336,96,60,61,396,157,
ti15630654.jpg,224,224,text,101,437,520,60,621,497,
ti15630654.jpg,224,224,text,99,296,136,65,235,361,
ti15630654.jpg,224,224,text,219,400,305,25,524,425,
ti15630654.jpg,224,224,text,551,571,65,21,616,592,
ti15630654.jpg,224,224,text,597,130,91,20,688,150,
ti15630654.jpg,224,224,text,551,636,75,19,626,655,
ti16131018_1019.jpg,224,224,logo,105,97,287,56,392,153,
ti16131018_1019.jpg,224,224,table,23,717,678,48,701,765,
ti16131018_1019.jpg,224,224,table,23,253,679,219,702,472,
ti16131018_1019.jpg,224,224,text,50,340,66,18,116,358,
ti16131018_1019.jpg,224,224,text,271,290,142,39,413,329,
ti16131018_1019.jpg,224,224,text,50,369,345,43,395,412,
ti16131018_1019.jpg,224,224,text,272,342,158,27,430,369,
ti16131018_1019.jpg,224,224,text,272,426,178,13,450,439,
ti16131018_1019.jpg,224,224,text,272,453,183,13,455,466,
ti16131018_1019.jpg,224,224,text,633,290,52,15,685,305,
ti16131018_1019.jpg,224,224,text,632,342,42,19,674,361,
ti16131018_1019.jpg,224,224,text,631,317,50,15,681,332,
ti16131018_1019.jpg,224,224,text,632,426,45,14,677,440,
ti16131018_1019.jpg,224,224,text,172,48,48,10,220,58,
ti16131018_1019.jpg,224,224,text,305,261,51,10,356,271,
ti16131018_1019.jpg,224,224,text,131,206,152,34,283,240,
ti16131018_1019.jpg,224,224,text,175,160,188,19,363,179,
ti16131018_1019.jpg,224,224,text,425,131,68,22,493,153,
ti16131018_1019.jpg,224,224,text,407,93,86,23,493,116,
ti16131018_1019.jpg,224,224,text,418,192,75,9,493,201,
ti16131018_1019.jpg,224,224,text,503,105,156,29,659,134,
ti16131018_1019.jpg,224,224,text,511,149,162,61,673,210,
ti16131018_1019.jpg,224,224,text,146,790,163,16,309,806,
ti16131018_1019.jpg,224,224,text,450,766,179,14,629,780,
ti16240205.jpg,224,224,logo,444,689,103,49,547,738,
ti16240205.jpg,224,224,logo,441,99,95,45,536,144,
ti16240205.jpg,224,224,table,50,88,373,63,423,151,
ti16240205.jpg,224,224,text,461,749,194,37,655,786,
ti16240205.jpg,224,224,text,443,809,92,37,535,846,
ti16240205.jpg,224,224,text,598,810,52,14,650,824,
ti16240205.jpg,224,224,text,545,831,17,13,562,844,
ti16240205.jpg,224,224,text,54,815,1633,42,1687,857,
ti16240205.jpg,224,224,text,135,738,179,34,314,772,
ti16240205.jpg,224,224,text,213,792,140,53,353,845,
ti16240205.jpg,224,224,text,195,881,402,17,597,898,
ti16240205.jpg,224,224,text,642,960,83,21,725,981,
ti16240205.jpg,224,224,text,401,213,118,96,519,309,
ti16240205.jpg,224,224,text,206,94,66,24,272,118,
ti16240205.jpg,224,224,text,98,98,54,22,152,120,
ti16240205.jpg,224,224,text,319,94,70,25,389,119,
ti16240205.jpg,224,224,text,67,127,111,14,178,141,
ti16240205.jpg,224,224,text,213,126,58,17,271,143,
ti16240205.jpg,224,224,text,334,127,54,10,388,137,
ti16240222.jpg,224,224,logo,28,80,220,39,248,119,
ti16240222.jpg,224,224,text,343,112,216,76,559,188,
ti16240222.jpg,224,224,table,56,361,650,334,706,695,
ti16240222.jpg,224,224,text,57,362,26,13,83,375,
ti16240222.jpg,224,224,text,113,363,112,12,225,375,
ti16240222.jpg,224,224,text,658,361,40,14,698,375,
ti16240222.jpg,224,224,text,370,361,72,14,442,375,
ti16240222.jpg,224,224,text,119,390,111,45,230,435,
ti16240222.jpg,224,224,text,246,394,392,60,638,454,
ti16240222.jpg,224,224,text,663,400,33,57,696,457,
ti16240222.jpg,224,224,text,232,342,254,20,486,362,
ti16240222.jpg,224,224,text,63,346,75,37,138,383,
ti16240222.jpg,224,224,text,308,245,152,49,460,294,
ti16240222.jpg,224,224,text,62,134,152,13,214,147,
ti16240222.jpg,224,224,text,64,165,161,52,225,217,
ti16240222.jpg,224,224,text,292,78,100,15,392,93,
ti16240222.jpg,224,224,text,31,496,58,13,89,509,
ti16240222.jpg,224,224,table,27,476,680,432,707,908,
ti16240222.jpg,224,224,text,515,493,50,19,565,512,
ti16240222.jpg,224,224,text,302,482,54,12,356,494,
ti16240222.jpg,224,224,text,640,961,85,21,725,982,
ti16240222.jpg,224,224,table,382,371,303,56,685,427,
ti16240222.jpg,224,224,table,383,108,306,48,689,156,
ti16240222.jpg,224,224,text,93,248,213,11,306,259,
ti16240222.jpg,224,224,text,130,187,234,9,364,196,
ti16310759.jpg,224,224,table,384,371,301,62,685,433,
ti16310759.jpg,224,224,text,151,325,348,18,499,343,
ti16310759.jpg,224,224,table,382,112,311,48,693,160,
ti16310759.jpg,224,224,table,36,477,667,445,703,922,
ti16310759.jpg,224,224,text,97,502,40,13,137,515,
ti16310759.jpg,224,224,text,627,496,53,10,680,506,
ti16310759.jpg,224,224,text,305,488,57,9,362,497,
ti16310759.jpg,224,224,text,36,502,56,14,92,516,
ti16310776.jpg,224,224,table,395,378,304,63,699,441,
ti16310776.jpg,224,224,table,27,478,649,447,676,925,
ti16310776.jpg,224,224,text,99,262,174,27,273,289,
ti16310776.jpg,224,224,table,383,118,321,47,704,165,
ti16310776.jpg,224,224,text,132,196,279,20,411,216,
ti16310776.jpg,224,224,text,153,330,374,28,527,358,
ti16310776.jpg,224,224,text,42,510,60,18,102,528,
ti16310776.jpg,224,224,text,128,497,58,15,186,512,
ti16310776.jpg,224,224,text,312,495,73,9,385,504,
ti16310776.jpg,224,224,text,525,498,57,15,582,513,
ti16310776.jpg,224,224,text,607,487,56,12,663,499,
ti16310776.jpg,224,224,text,417,422,101,9,518,431,
ti16310776.jpg,224,224,text,612,389,80,21,692,410,
ti16310776.jpg,224,224,text,687,107,46,11,733,118,
2028747862.jpg,224,224,logo,52,40,236,56,288,96,
2028747862.jpg,224,224,table,28,238,700,647,728,885,
2028747912.jpg,224,224,logo,92,17,316,54,408,71,
2028747912.jpg,224,224,table,115,234,618,571,733,805,
2028747912.jpg,224,224,text,122,330,104,14,226,344,
2028747912.jpg,224,224,text,244,329,275,19,519,348,
2028747912.jpg,224,224,text,128,723,45,15,173,738,
2028747912.jpg,224,224,text,307,366,60,22,367,388,
2028747912.jpg,224,224,text,385,370,44,17,429,387,
2028747912.jpg,224,224,text,595,375,63,38,658,413,
2028747912.jpg,224,224,text,663,374,60,36,723,410,
2028747912.jpg,224,224,text,450,371,138,18,588,389,
2028747912.jpg,224,224,text,341,726,41,17,382,743,
2028747912.jpg,224,224,text,466,729,49,17,515,746,
2028747912.jpg,224,224,text,483,249,118,15,601,264,
2028747912.jpg,224,224,text,657,295,74,19,731,314,
2028747912.jpg,224,224,text,511,244,93,17,604,261,
2028747912.jpg,224,224,text,652,249,71,18,723,267,
2028747912.jpg,224,224,text,130,438,186,48,316,486,
2028747912.jpg,224,224,text,339,407,218,18,557,425,
2028747912.jpg,224,224,text,305,390,66,15,371,405,
2028747692.jpg,224,224,logo,66,24,212,40,278,64,
2028747692.jpg,224,224,table,40,287,322,51,362,338,
2028747692.jpg,224,224,table,39,328,314,51,353,379,
2028747692.jpg,224,224,table,365,286,368,48,733,334,
2028747692.jpg,224,224,table,365,330,370,47,735,377,
2028747692.jpg,224,224,table,41,376,694,541,735,917,
2028747692.jpg,224,224,table,343,40,291,77,634,117,
2028747692.jpg,224,224,table,201,928,520,63,721,991,
2028747692.jpg,224,224,text,56,391,99,23,155,414,
2028747692.jpg,224,224,text,196,390,105,21,301,411,
2028747692.jpg,224,224,text,586,390,32,19,618,409,
2028747692.jpg,224,224,text,664,392,58,22,722,414,
2028747692.jpg,224,224,text,186,405,301,116,487,521,
2028747692.jpg,224,224,text,58,535,74,35,132,570,
2028747692.jpg,224,224,text,188,533,342,45,530,578,
2028747692.jpg,224,224,text,209,580,350,29,559,609,
2028747692.jpg,224,224,text,57,590,52,19,109,609,
2028747692.jpg,224,224,text,541,560,66,20,607,580,
2028747692.jpg,224,224,text,184,606,382,31,566,637,
2028747692.jpg,224,224,text,57,869,353,23,410,892,
2028747692.jpg,224,224,text,56,898,52,19,108,917,
2028747692.jpg,224,224,text,132,895,66,24,198,919,
2028747692.jpg,224,224,text,230,898,102,20,332,918,
2028747692.jpg,224,224,text,244,930,57,43,301,973,
2028747692.jpg,224,224,text,362,930,70,24,432,954,
2028747692.jpg,224,224,text,493,494,66,32,559,526,
2028747692.jpg,224,224,text,620,939,74,18,694,957,
2028747747_2028747748.jpg,224,224,table,41,424,668,446,709,870,
2028747747_2028747748.jpg,224,224,logo,42,334,256,86,298,420,
2028747747_2028747748.jpg,224,224,table,44,874,340,117,384,991,
2028747762.jpg,224,224,logo,48,25,240,57,288,82,
2028747762.jpg,224,224,table,40,346,695,632,735,978,
2028747762.jpg,224,224,text,266,833,208,21,474,854,
2028747762.jpg,224,224,text,44,828,190,108,234,936,
2028747762.jpg,224,224,text,512,86,105,251,617,337,
2028747762.jpg,224,224,text,482,796,122,251,604,1047,
2028747762.jpg,224,224,text,686,646,45,29,731,675,
2028747762.jpg,224,224,text,429,284,304,72,733,356,
2028747778_2028747779.jpg,224,224,table,50,369,694,481,744,850,
2028747778_2028747779.jpg,224,224,table,54,305,688,70,742,375,
2028747778_2028747779.jpg,224,224,table,46,844,450,145,496,989,
2028747778_2028747779.jpg,224,224,table,506,893,230,98,736,991,
2028747778_2028747779.jpg,224,224,logo,92,41,578,105,670,146,
2028747778_2028747779.jpg,224,224,text,61,314,45,23,106,337,
2028747778_2028747779.jpg,224,224,text,66,426,266,87,332,513,
2028747778_2028747779.jpg,224,224,text,443,445,45,21,488,466,
2028747778_2028747779.jpg,224,224,text,630,448,64,19,694,467,
2028747778_2028747779.jpg,224,224,text,207,379,58,23,265,402,
2028747778_2028747779.jpg,224,224,text,431,382,51,23,482,405,
2028747778_2028747779.jpg,224,224,text,509,383,59,23,568,406,
2028747778_2028747779.jpg,224,224,text,588,385,22,23,610,408,
2028747778_2028747779.jpg,224,224,text,639,385,50,21,689,406,
2028747778_2028747779.jpg,224,224,text,711,385,28,24,739,409,
0000308007.jpg,224,224,logo,45,109,208,85,253,194,
0000308007.jpg,224,224,text,253,107,354,28,607,135,
0000308007.jpg,224,224,text,9.3,324,644,166,644,490,
0000308007.jpg,224,224,text,127,397,252,30,379,427,
0000173065.jpg,224,224,table,-5,391,253,595,248,986,
0000173065.jpg,224,224,text,4,427,75,15,79,442,
0000173065.jpg,224,224,text,291,428,85,17,376,445,
0000173065.jpg,224,224,text,591,428,73,12,664,440,
0000173065.jpg,224,224,text,676,432,55,11,731,443,
0000173065.jpg,224,224,text,89,269,381,31,470,300,
0000173065.jpg,224,224,text,89,508,385,37,474,545,
0000173065.jpg,224,224,text,659,484,81,17,740,501,
0000173065.jpg,224,224,text,659,541,85,23,744,564,
0000173065.jpg,224,224,text,-1,393,89,89,88,482,
0000226470.jpg,224,224,logo,33,160,132,252,165,412,
0000226470.jpg,224,224,text,47,427,55,16,102,443,
0000226470.jpg,224,224,text,261,431,75,13,336,444,
0000226470.jpg,224,224,text,503,436,41,13,544,449,
0000226470.jpg,224,224,text,568,439,52,13,620,452,
0000226470.jpg,224,224,table,40,408,597,275,637,683,
0000226477.jpg,224,224,logo,28,85,129,257,157,342,
0000226477.jpg,224,224,text,24,339,620,276,644,615,
0000226477.jpg,224,224,text,257,359,76,13,333,372,
0000226477.jpg,224,224,text,43,355,56,16,99,371,
0000226477.jpg,224,224,text,505,364,31,12,536,376,
0000226477.jpg,224,224,text,565,364,56,13,621,377,
0000226477.jpg,224,224,text,555,448,55,16,610,464,
0000226477.jpg,224,224,text,107,389,252,43,359,432,
0000226477.jpg,224,224,text,103,441,163,17,266,458,
0000226480.jpg,224,224,logo,27,132,131,253,158,385,
0000226480.jpg,224,224,table,40,380,596,260,636,640,
0000226480.jpg,224,224,text,44,399,55,15,99,414,
0000226480.jpg,224,224,text,263,400,75,11,338,411,
0000226480.jpg,224,224,text,504,399,37,16,541,415,
0000226480.jpg,224,224,text,568,397,55,17,623,414,
0000226480.jpg,224,224,text,119,431,129,19,248,450,
0000226480.jpg,224,224,text,559,425,56,19,615,444,
0000226480.jpg,224,224,text,67,456,36,21,103,477,
0000226480.jpg,224,224,text,117,456,364,29,481,485,
0000226483.jpg,224,224,table,36,388,593,260,629,648,
0000226483.jpg,224,224,logo,24,132,132,251,156,383,
0000226483.jpg,224,224,text,44,404,56,17,100,421,
0000226483.jpg,224,224,text,257,404,79,13,336,417,
0000226483.jpg,224,224,text,500,405,41,21,541,426,
0000226483.jpg,224,224,text,559,404,61,18,620,422,
0000226483.jpg,224,224,text,105,432,132,21,237,453,
0000226483.jpg,224,224,text,60,469,28,39,88,508,
0000226483.jpg,224,224,text,56,513,35,31,91,544,
0000226483.jpg,224,224,text,556,433,60,21,616,454,
0000226483.jpg,224,224,text,107,456,212,92,319,548,
0000226486.jpg,224,224,logo,25,124,131,249,156,373,
0000226486.jpg,224,224,text,41,391,56,20,97,411,
0000226486.jpg,224,224,text,260,396,79,16,339,412,
0000226486.jpg,224,224,text,500,398,43,18,543,416,
0000226486.jpg,224,224,text,565,400,50,16,615,416,
0000226486.jpg,224,224,text,112,413,160,32,272,445,
0000226486.jpg,224,224,text,550,431,56,17,606,448,
0000226486.jpg,224,224,text,60,452,19,16,79,468,
0000226486.jpg,224,224,text,109,450,163,33,272,483,
0000226488.jpg,224,224,logo,35,150,133,252,168,402,
0000226488.jpg,224,224,table,43,399,593,270,636,669,
0000226488.jpg,224,224,text,48,416,59,19,107,435,
0000226488.jpg,224,224,text,267,422,70,15,337,437,
0000226488.jpg,224,224,text,505,425,47,19,552,444,
0000226488.jpg,224,224,text,571,570,424,59,995,629,
0000226488.jpg,224,224,text,109,449,178,23,287,472,
0000226488.jpg,224,224,text,111,476,352,84,463,560,
0000226488.jpg,224,224,text,57,476,35,20,92,496,
0101_003.jpg,224,224,table,770,946,2070,2973,2840,3919,
0110_099.jpg,224,224,table,270,1653,2280,2580,2550,4233,
0113_013.jpg,224,224,table,303,343,2273,2953,2576,3296,
0140_007.jpg,224,224,table,664,1782,1814,2076,2478,3858,
0146_281.jpg,224,224,table,704,432,1744,1552,2448,1984,
0146_281.jpg,224,224,table,682,1740,1800,2440,2482,4180,
0147_090.jpg,224,224,table,326,413,2106,1616,2432,2029,
0147_090.jpg,224,224,table,760,1843,1643,2393,2403,4236,
0147_125.jpg,224,224,table,310,338,2310,912,2620,1250,
0147_125.jpg,224,224,table,754,1184,1798,1514,2552,2698,
0147_256.jpg,224,224,table,590,366,1940,1520,2530,1886,
0147_256.jpg,224,224,table,368,1928,2140,2566,2508,4494,
0148_271.jpg,224,224,table,374,384,2102,1392,2476,1776,
0148_479.jpg,224,224,table,933,426,2130,1506,3063,1932,
0151_180.jpg,224,224,table,590,460,2060,2113,2650,2573,
0151_208.jpg,224,224,table,576,440,2106,2130,2682,2570,
0154_080.jpg,224,224,table,383,523,2920,2010,3303,2533,
0154_474.jpg,224,224,table,526,526,3100,1943,3626,2469,
0155_081.jpg,224,224,table,665,330,2165,3060,2830,3390,
0199_384.jpg,224,224,table,93,556,2450,2816,2543,3372,
0203_075.jpg,224,224,table,340,540,2323,1530,2663,2070,
0206_007.jpg,224,224,table,313,483,2323,3000,2636,3483,
0206_048.jpg,224,224,table,220,343,2956,1826,3176,2169,
0207_025.jpg,224,224,table,340,510,2226,2973,2566,3483,
0209_207.jpg,224,224,table,330,353,2293,2793,2623,3146,
0210_111.jpg,224,224,table,306,323,2276,1913,2582,2236,
0212_175.jpg,224,224,table,393,376,2376,1260,2769,1636,
0219_043.jpg,224,224,table,413,480,2856,1756,3269,2236,
0220_030.jpg,224,224,table,256,523,2200,3013,2456,3536,
0223_017.jpg,224,224,table,373,480,2280,1823,2653,2303,
0626_005.jpg,224,224,table,836,2356,1630,2796,2466,5152,
0626_005.jpg,224,224,table,1656,2324,2428,2556,4084,4880,
0651_008.jpg,224,224,table,300,523,1990,783,2290,1306,
0651_013.jpg,224,224,table,363,673,2456,1963,2819,2636,
0651_013.jpg,224,224,table,370,2056,2400,2880,2770,4936,
0667_005.jpg,224,224,table,430,478,2262,964,2692,1442,
0667_005.jpg,224,224,table,268,1178,2198,1600,2466,2778,
0672_278.jpg,224,224,table,1342,740,2362,2002,3704,2742,
0672_356.jpg,224,224,table,366,1003,1580,1350,1946,2353,
0685_048.jpg,224,224,table,538,484,2164,998,2702,1482,
0717_023.jpg,224,224,table,236,513,2116,1163,2352,1676,
0717_023.jpg,224,224,table,220,2220,2120,2823,2340,5043,
0725_043.jpg,224,224,table,350,1000,2170,2476,2520,3476,
0765_005.jpg,224,224,table,676,390,2340,2480,3016,2870,
1012_041.jpg,224,224,table,230,396,2266,2906,2496,3302,
1040_032.jpg,224,224,table,626,526,1906,2456,2532,2982,
1060_146.jpg,224,224,table,280,486,2960,1823,3240,2309,
1060_195.jpg,224,224,table,360,2526,2336,2993,2696,5519,
1060_223.jpg,224,224,table,582,464,2694,1666,3276,2130,
1063_086.jpg,224,224,table,436,443,2520,2790,2956,3233,
1078_082.jpg,224,224,table,403,726,2026,2623,2429,3349,
1079_023.jpg,224,224,table,1082,422,2418,846,3500,1268,
1079_023.jpg,224,224,table,1102,2054,2364,2434,3466,4488,
1112_023.jpg,224,224,table,344,536,1656,852,2000,1388,
1112_023.jpg,224,224,table,352,1058,1668,1364,2020,2422,
1124_024.jpg,224,224,table,380,806,2976,1683,3356,2489,
1124_039.jpg,224,224,table,313,390,1946,2800,2259,3190,
1132_108.jpg,224,224,table,456,556,2088,1478,2544,2034,
1156_004.jpg,224,224,table,116,676,2193,1533,2309,2209,
1156_004.jpg,224,224,table,100,1638,2144,2760,2244,4398,
1164_010.jpg,224,224,table,243,216,2326,2930,2569,3146,
1175_032.jpg,224,224,table,206,616,3010,1200,3216,1816,
1194_021.jpg,224,224,table,110,430,2990,1883,3100,2313,
1201_273.jpg,224,224,table,403,553,2933,2046,3336,2599,
1201_293.jpg,224,224,table,540,723,2833,1836,3373,2559,
1238_006.jpg,224,224,table,414,382,2458,1458,2872,1840,
1249_072.jpg,224,224,table,316,428,2346,1418,2662,1846,
1289_014.jpg,224,224,table,1412,1810,2490,2882,3902,4692,
1295_064.jpg,224,224,table,166,393,2230,3003,2396,3396,
1339_086.jpg,224,224,table,266,233,2313,2940,2579,3173,
1343_073.jpg,224,224,table,176,1400,1514,2126,1690,3526,
1353_032.jpg,224,224,table,382,2242,2062,2850,2444,5092,
1356_083.jpg,224,224,table,213,796,2200,1256,2413,2052,
1356_119.jpg,224,224,table,180,350,3083,2050,3263,2400,
1360_074.jpg,224,224,table,300,590,3090,1323,3390,1913,
1368_074.jpg,224,224,table,270,264,2194,1414,2464,1678,
1384_058.jpg,224,224,table,286,430,3093,790,3379,1220,
1384_097.jpg,224,224,table,205,630,2250,3025,2455,3655,
1412_006.jpg,224,224,table,266,150,1923,976,2189,1126,
0203_207.jpg,224,224,table,263,460,2956,2086,3219,2546,
0725_026.jpg,224,224,table,586,960,1010,1640,1596,2600,
1176_003.jpg,224,224,table,293,826,1983,1280,2276,2106,
1415_048.jpg,224,224,table,353,360,2160,2733,2513,3093,
1634_022.jpg,224,224,table,326,620,2060,2486,2386,3106,
1719_007.jpg,224,224,table,460,983,2086,1313,2546,2296,
1901_029.jpg,224,224,table,630,500,2030,1763,2660,2263,
5001_024.jpg,224,224,table,260,345,2280,3080,2540,3425,
5171_016.jpg,224,224,table,708,384,2040,1970,2748,2354,
5373_008.jpg,224,224,table,116,203,1703,2496,1819,2699,
5611_010.jpg,224,224,table,1348,1968,2208,2920,3556,4888,
5727_105.jpg,224,224,table,110,344,2398,1010,2508,1354,
5921_071.jpg,224,224,table,296,453,2353,1543,2649,1996,
5921_071.jpg,224,224,table,303,1583,2346,2573,2649,4156,
6504_018.jpg,224,224,table,446,1033,2760,1770,3206,2803,
8013_494.jpg,224,224,table,186,1978,2292,3012,2478,4990,
9503_031.jpg,224,224,table,63,423,2386,2753,2449,3176,
9514_049.jpg,224,224,table,98,144,2348,712,2446,856,
9514_049.jpg,224,224,table,98,1172,1188,1810,1286,2982,
9514_049.jpg,224,224,table,1240,1746,2334,2156,3574,3902,
9523_038.jpg,224,224,table,1211,1990,2277,2302,3488,4292,
9534_058.jpg,224,224,table,308,312,2252,1024,2560,1336,
9534_058.jpg,224,224,table,302,2204,2240,2600,2542,4804,
9548_031.jpg,224,224,table,150,600,2132,872,2282,1472,
9548_031.jpg,224,224,table,118,2096,2124,2678,2242,4774,
9560_036.jpg,224,224,table,243,250,2343,2906,2586,3156,
1445_046.jpg,224,224,table,126,433,3100,1876,3226,2309,
1464_021.jpg,224,224,table,260,354,2352,1454,2612,1808,
1484_028.jpg,224,224,table,163,826,2216,1646,2379,2472,
1486_156.jpg,224,224,table,166,700,2186,1960,2352,2660,
1495_021.jpg,224,224,table,368,502,2426,1960,2794,2462,
1539_012.jpg,224,224,table,150,666,3076,1590,3226,2256,
1550_007.jpg,224,224,table,164,1880,1140,2456,1304,4336,
1551_123.jpg,224,224,table,515,395,2055,3020,2570,3415,
1551_152.jpg,224,224,table,533,396,2020,1520,2553,1916,
1552_032.jpg,224,224,table,500,983,2030,1973,2530,2956,
1553_021.jpg,224,224,table,300,363,2180,1570,2480,1933,
1556_004.jpg,224,224,table,196,383,2226,2870,2422,3253,
1556_006.jpg,224,224,table,220,386,2203,1333,2423,1719,
1558_040.jpg,224,224,table,421,381,1404,1284,1825,1665,
1580_295.jpg,224,224,table,303,293,2076,766,2379,1059,
1589_015.jpg,224,224,table,576,776,2116,2546,2692,3322,
1624_063.jpg,224,224,table,300,255,2355,1165,2655,1420,
1624_063.jpg,224,224,table,340,1836,2343,2493,2683,4329,
1634_330.jpg,224,224,table,256,1070,2276,2833,2532,3903,
1634_335.jpg,224,224,table,330,1280,2420,2703,2750,3983,
1654_004.jpg,224,224,table,292,400,2284,1014,2576,1414,
1662_034.jpg,224,224,table,1324,1246,2446,1804,3770,3050,
1662_053.jpg,224,224,table,346,216,2210,800,2556,1016,
1662_053.jpg,224,224,table,1360,1066,2293,1566,3653,2632,
1662_085.jpg,224,224,table,680,228,1890,668,2570,896,
1662_085.jpg,224,224,table,774,958,1822,1408,2596,2366,
1665_133.jpg,224,224,table,428,644,2152,1486,2580,2130,
1672_069.jpg,224,224,table,338,470,1422,1026,1760,1496,
1674_088.jpg,224,224,table,414,122,2098,696,2512,818,
1674_088.jpg,224,224,table,412,710,2240,2296,2652,3006,
1674_138.jpg,224,224,table,296,446,2200,1044,2496,1490,
1674_138.jpg,224,224,table,288,1060,2242,2722,2530,3782,
1675_199.jpg,224,224,table,773,456,1946,2056,2719,2512,
1675_199.jpg,224,224,table,926,2356,1890,2870,2816,5226,
1675_209.jpg,224,224,table,433,486,2196,2816,2629,3302,
1676_008.jpg,224,224,table,434,348,2272,1080,2706,1428,
1676_356.jpg,224,224,table,434,426,2200,962,2634,1388,
1696_204.jpg,224,224,table,268,374,1082,714,1350,1088,
1696_302.jpg,224,224,table,136,2588,1172,3028,1308,5616,
1717_086.jpg,224,224,table,356,560,2123,2746,2479,3306,
1723_194.jpg,224,224,table,423,616,1826,2013,2249,2629,
1723_250.jpg,224,224,table,456,610,1290,924,1746,1534,
1740_002.jpg,224,224,table,286,484,1456,762,1742,1246,
1740_002.jpg,224,224,table,280,1110,1514,1500,1794,2610,
1740_002.jpg,224,224,table,1898,392,3164,754,5062,1146,
1742_157.jpg,224,224,table,270,706,2836,1930,3106,2636,
1777_016.jpg,224,224,table,590,486,2143,1213,2733,1699,
1777_016.jpg,224,224,table,216,1786,2320,2666,2536,4452,
1786_032.jpg,224,224,table,333,520,2793,1320,3126,1840,
1788_011.jpg,224,224,table,290,510,2060,2915,2350,3425,
1796_095.jpg,224,224,table,430,1073,2833,2126,3263,3199,
1813_081.jpg,224,224,table,353,560,2433,3013,2786,3573,
1818_005.jpg,224,224,table,253,440,2256,1793,2509,2233,
1818_005.jpg,224,224,table,250,2016,2263,2693,2513,4709,
1830_014.jpg,224,224,table,270,1606,2223,2153,2493,3759,
1852_024.jpg,224,224,table,613,1436,2173,3006,2786,4442,
1852_095.jpg,224,224,table,358,266,1630,666,1988,932,
1896_199.jpg,224,224,table,230,438,2184,878,2414,1316,
1896_369.jpg,224,224,table,430,1636,1823,1993,2253,3629,
1896_414.jpg,224,224,table,150,516,2146,2090,2296,2606,
1901_014.jpg,224,224,table,360,473,2143,2373,2503,2846,
1939_011.jpg,224,224,table,273,346,2223,2260,2496,2606,
1999_019.jpg,224,224,table,383,620,1806,2010,2189,2630,
2010_019.jpg,224,224,table,870,250,2000,706,2870,956,
2010_019.jpg,224,224,table,993,1403,1890,1840,2883,3243,
2010_019.jpg,224,224,table,993,2093,1900,2496,2893,4589,
2029_339.jpg,224,224,table,276,473,2796,2263,3072,2736,
2029_438.jpg,224,224,table,436,350,2776,2280,3212,2630,
2029_470.jpg,224,224,table,466,423,2773,2223,3239,2646,
2029_489.jpg,224,224,table,416,366,2730,2313,3146,2679,
2042_004.jpg,224,224,table,320,1226,2050,1596,2370,2822,
2070_034.jpg,224,224,table,536,784,1548,1192,2084,1976,
2070_034.jpg,224,224,table,520,1642,1530,2036,2050,3678,
2092_068.jpg,224,224,table,226,350,2916,2173,3142,2523,
2093_061.jpg,224,224,table,356,753,2193,2370,2549,3123,
2117_040.jpg,224,224,table,702,2026,1942,2628,2644,4654,
2117_329.jpg,224,224,table,283,240,2126,2810,2409,3050,
2117_344.jpg,224,224,table,350,783,2980,1663,3330,2446,
2135_012.jpg,224,224,table,1008,520,2278,1666,3286,2186,
2136_083.jpg,224,224,table,700,723,3020,1410,3720,2133,
2306_093.jpg,224,224,table,453,290,2366,3013,2819,3303,
5001_025.jpg,224,224,table,276,490,2290,2616,2566,3106,
5001_032.jpg,224,224,table,190,480,2260,2800,2450,3280,
5008_029.jpg,224,224,table,252,402,2432,1042,2684,1444,
5017_041.jpg,224,224,table,270,1413,2286,2033,2556,3446,
5028_029.jpg,224,224,table,416,296,2213,2126,2629,2422,
5045_074.jpg,224,224,table,45,90,2355,3045,2400,3135,
5065_041.jpg,224,224,table,376,598,2140,1498,2516,2096,
5067_007.jpg,224,224,table,150,410,2356,2906,2506,3316,
5086_072.jpg,224,224,table,304,1006,1040,1588,1344,2594,
5086_072.jpg,224,224,table,302,1626,1804,2502,2106,4128,
5095_019.jpg,224,224,table,265,295,2305,2780,2570,3075,
5099_068.jpg,224,224,table,266,210,2320,2670,2586,2880,
5103_020.jpg,224,224,table,290,393,2333,2770,2623,3163,
5109_001.jpg,224,224,table,246,176,2486,770,2732,946,
5112_044.jpg,224,224,table,305,555,2325,2645,2630,3200,
5117_023.jpg,224,224,table,566,270,2403,2526,2969,2796,
5140_040.jpg,224,224,table,213,380,2240,2356,2453,2736,
5170_020.jpg,224,224,table,256,533,2506,3123,2762,3656,
5182_078.jpg,224,224,table,333,476,2300,2540,2633,3016,
5191_015.jpg,224,224,table,354,512,2074,1214,2428,1726,
5192_089.jpg,224,224,table,340,546,2353,1123,2693,1669,
5195_054.jpg,224,224,table,350,433,2240,2706,2590,3139,
5195_077.jpg,224,224,table,323,833,2340,2453,2663,3286,
5244_103.jpg,224,224,table,586,1866,1650,2853,2236,4719,
5248_035.jpg,224,224,table,343,580,3106,2200,3449,2780,
5252_009.jpg,224,224,table,116,680,2310,2596,2426,3276,
5265_137.jpg,224,224,table,280,300,2236,2900,2516,3200,
5303_003.jpg,224,224,table,62,494,1158,1482,1220,1976,
5333_017.jpg,224,224,table,168,1774,1226,2864,1394,4638,
5347_145.jpg,224,224,table,243,413,3043,2380,3286,2793,
5347_192.jpg,224,224,table,260,240,2996,2203,3256,2443,
5361_015.jpg,224,224,table,130,10,2060,3260,2190,3270,
5365_159.jpg,224,224,table,203,346,2443,2703,2646,3049,
5366_142.jpg,224,224,table,240,400,2430,2986,2670,3386,
5367_007.jpg,224,224,table,480,833,2026,2800,2506,3633,
5375_004.jpg,224,224,table,383,730,2376,1390,2759,2120,
5380_053.jpg,224,224,table,220,446,2370,3100,2590,3546,
5385_003.jpg,224,224,table,403,360,2170,2833,2573,3193,
5385_012.jpg,224,224,table,400,430,3106,1970,3506,2400,
5408_004.jpg,224,224,table,250,536,2330,2963,2580,3499,
5412_028.jpg,224,224,table,276,496,2273,2633,2549,3129,
5415_006.jpg,224,224,table,820,663,2273,1070,3093,1733,
5415_006.jpg,224,224,table,270,1700,2273,2676,2543,4376,
5417_044.jpg,224,224,table,276,760,2233,2213,2509,2973,
5435_166.jpg,224,224,table,690,686,2054,930,2744,1616,
5449_105.jpg,224,224,table,246,603,2340,2756,2586,3359,
5515_011.jpg,224,224,table,263,603,2250,1173,2513,1776,
5575_112.jpg,224,224,table,520,476,1890,2366,2410,2842,
5589_017.jpg,224,224,table,902,484,3134,1734,4036,2218,
5592_012.jpg,224,224,table,156,444,1272,1556,1428,2000,
5593_036.jpg,224,224,table,266,280,2400,2550,2666,2830,
5593_060.jpg,224,224,table,276,276,2443,2586,2719,2862,
5611_007.jpg,224,224,table,273,540,2286,2986,2559,3526,
5611_013.jpg,224,224,table,282,962,1132,1238,1414,2200,
5622_013.jpg,224,224,table,220,346,2430,656,2650,1002,
5625_007.jpg,224,224,table,393,326,2396,1910,2789,2236,
5625_015.jpg,224,224,table,493,303,2263,2710,2756,3013,
5649_040.jpg,224,224,table,356,1926,896,2190,1252,4116,
5649_040.jpg,224,224,table,918,1924,1460,2168,2378,4092,
5649_063.jpg,224,224,table,1258,1055,2355,1594,3613,2649,
5649_076.jpg,224,224,table,1391,551,2455,831,3846,1382,
5661_024.jpg,224,224,table,282,466,2202,960,2484,1426,
5670_054.jpg,224,224,table,250,333,2320,2873,2570,3206,
5673_020.jpg,224,224,table,276,443,2263,2756,2539,3199,
5673_050.jpg,224,224,table,453,473,3053,1546,3506,2019,
5675_015.jpg,224,224,table,486,1854,2314,2698,2800,4552,
5680_016.jpg,224,224,table,228,498,1558,1094,1786,1592,
5680_035.jpg,224,224,table,322,1292,1652,2912,1974,4204,
5685_032.jpg,224,224,table,336,584,2290,1742,2626,2326,
5727_091.jpg,224,224,table,46,363,2310,2876,2356,3239,
5727_096.jpg,224,224,table,100,356,2356,1006,2456,1362,
5727_109.jpg,224,224,table,60,368,2314,1010,2374,1378,
5731_009.jpg,224,224,table,344,1098,1221,1602,1565,2700,
5809_003.jpg,224,224,table,103,423,1486,2446,1589,2869,
5814_092.jpg,224,224,table,360,280,2983,2143,3343,2423,
5820_160.jpg,224,224,table,140,843,2356,2653,2496,3496,
5830_049.jpg,224,224,table,96,893,2286,2880,2382,3773,
5830_144.jpg,224,224,table,383,713,2383,3033,2766,3746,
5830_158.jpg,224,224,table,373,720,2316,3036,2689,3756,
5830_164.jpg,224,224,table,426,736,2373,3030,2799,3766,
5830_191.jpg,224,224,table,300,850,2360,3140,2660,3990,
5830_240.jpg,224,224,table,330,730,2343,3063,2673,3793,
5830_462.jpg,224,224,table,226,730,2240,3046,2466,3776,
5842_099.jpg,224,224,table,200,456,1568,1356,1768,1812,
5848_023.jpg,224,224,table,246,450,1334,1926,1580,2376,
5856_026.jpg,224,224,table,398,550,2128,1710,2526,2260,
5881_166.jpg,224,224,table,541,1241,1275,1878,1816,3119,
5913_002.jpg,224,224,table,300,410,2453,3160,2753,3570,
5925_025.jpg,224,224,table,1700,186,3142,706,4842,892,
5926_018.jpg,224,224,table,363,503,2403,2066,2766,2569,
5935_149.jpg,224,224,table,560,646,2923,1960,3483,2606,
5955_103.jpg,224,224,table,312,3074,2330,3232,2642,6306,
5956_026.jpg,224,224,table,363,443,3146,1766,3509,2209,
5963_008.jpg,224,224,table,250,195,2325,3075,2575,3270,
5992_072.jpg,224,224,table,190,466,2863,2100,3053,2566,
6008_014.jpg,224,224,table,173,1293,2426,2530,2599,3823,
6114_062.jpg,224,224,table,1260,560,2180,900,3440,1460,
6286_013.jpg,224,224,table,146,2000,2296,2923,2442,4923,
6294_118.jpg,224,224,table,202,2054,2216,2732,2418,4786,
6294_128.jpg,224,224,table,233,673,2233,1363,2466,2036,
6294_128.jpg,224,224,table,603,2440,1873,3060,2476,5500,
6294_160.jpg,224,224,table,193,636,2093,2136,2286,2772,
6294_166.jpg,224,224,table,266,233,2960,1336,3226,1569,
6346_024.jpg,224,224,table,453,806,2180,2423,2633,3229,
6347_112.jpg,224,224,table,106,844,2492,1614,2598,2458,
6415_046.jpg,224,224,table,203,260,2390,2786,2593,3046,
6546_011.jpg,224,224,table,220,663,2766,1646,2986,2309,
6546_016.jpg,224,224,table,100,676,2990,1310,3090,1986,
6575_007.jpg,224,224,table,175,335,2345,2985,2520,3320,
6577_020.jpg,224,224,table,370,486,3086,2196,3456,2682,
6578_052.jpg,224,224,table,253,440,2240,2880,2493,3320,
6580_018.jpg,224,224,table,243,460,2220,960,2463,1420,
6580_091.jpg,224,224,table,306,400,2263,1560,2569,1960,
6580_125.jpg,224,224,table,300,406,2983,1830,3283,2236,
6581_209.jpg,224,224,table,86,523,2406,1803,2492,2326,
6583_055.jpg,224,224,table,176,390,2216,1120,2392,1510,
6583_055.jpg,224,224,table,183,1576,2206,2220,2389,3796,
6585_484.jpg,224,224,table,273,390,3000,2110,3273,2500,
6585_486.jpg,224,224,table,276,363,2993,2100,3269,2463,
6585_593.jpg,224,224,table,310,430,3043,2140,3353,2570,
6790_011.jpg,224,224,table,553,490,2680,1840,3233,2330,
6814_006.jpg,224,224,table,100,380,2036,2713,2136,3093,
8005_125.jpg,224,224,table,955,188,1471,982,2426,1170,
8024_015.jpg,224,224,table,198,628,1932,1606,2130,2234,
8025_067.jpg,224,224,table,1313,1123,2286,2966,3599,4089,
8031_232.jpg,224,224,table,830,1421,1520,2060,2350,3481,
8095_046.jpg,224,224,table,1564,1806,2204,3038,3768,4844,
8209_010.jpg,224,224,table,752,646,1816,902,2568,1548,
8232_013.jpg,224,224,table,156,2090,984,2418,1140,4508,
9500_023.jpg,224,224,table,107,1370,1234,1594,1341,2964,
9500_034.jpg,224,224,table,88,274,1248,742,1336,1016,
9500_034.jpg,224,224,table,1230,1130,2374,1528,3604,2658,
9501_022.jpg,224,224,table,216,2608,1068,3030,1284,5638,
9501_032.jpg,224,224,table,1187,754,2307,1168,3494,1922,
9501_032.jpg,224,224,table,1182,1962,2321,2274,3503,4236,
9501_043.jpg,224,224,table,44,812,1124,991,1168,1803,
9501_043.jpg,224,224,table,61,1278,1131,1570,1192,2848,
9501_043.jpg,224,224,table,64,2712,1140,3154,1204,5866,
9501_043.jpg,224,224,table,1154,502,2221,1081,3375,1583,
9502_055.jpg,224,224,table,608,620,2314,938,2922,1558,
9502_055.jpg,224,224,table,612,1252,2316,1460,2928,2712,
9502_055.jpg,224,224,table,604,1536,2322,2214,2926,3750,
9502_061.jpg,224,224,table,120,313,2270,2580,2390,2893,
9503_001.jpg,224,224,table,200,786,2176,2676,2376,3462,
9503_027.jpg,224,224,table,73,530,2346,2490,2419,3020,
9504_025.jpg,224,224,table,75,1115,1110,1487,1185,2602,
9506_017.jpg,224,224,table,1018,490,2231,861,3249,1351,
9507_030.jpg,224,224,table,276,313,2313,2703,2589,3016,
9508_056.jpg,224,224,table,196,416,2453,2353,2649,2769,
9508_064.jpg,224,224,table,1345,425,2431,1122,3776,1547,
9508_065.jpg,224,224,table,146,620,2376,986,2522,1606,
9508_065.jpg,224,224,table,113,1160,2366,2076,2479,3236,
9508_065.jpg,224,224,table,146,2326,2356,2630,2502,4956,
9508_067.jpg,224,224,table,156,542,1258,1072,1414,1614,
9508_067.jpg,224,224,table,156,1324,1232,2162,1388,3486,
9508_067.jpg,224,224,table,1278,2084,2376,2680,3654,4764,
9509_040.jpg,224,224,table,1300,2180,2410,2540,3710,4720,
9509_042.jpg,224,224,table,120,1414,1238,1832,1358,3246,
9509_042.jpg,224,224,table,1292,336,2410,754,3702,1090,
9509_045.jpg,224,224,table,102,534,1226,1130,1328,1664,
9509_045.jpg,224,224,table,114,2072,1202,2326,1316,4398,
9509_045.jpg,224,224,table,94,2498,1200,2960,1294,5458,
9510_031.jpg,224,224,table,88,2068,1178,2496,1266,4564,
9510_031.jpg,224,224,table,90,2616,1176,2948,1266,5564,
9510_031.jpg,224,224,table,1234,2080,2320,2394,3554,4474,
9510_031.jpg,224,224,table,1208,2502,2294,2648,3502,5150,
9510_037.jpg,224,224,table,78,1436,1190,2036,1268,3472,
9510_037.jpg,224,224,table,90,2312,1184,2920,1274,5232,
9510_037.jpg,224,224,table,1232,586,2322,928,3554,1514,
9510_041.jpg,224,224,table,1240,470,2336,972,3576,1442,
9510_041.jpg,224,224,table,1216,1078,2338,1664,3554,2742,
9511_031.jpg,224,224,table,136,1934,1194,2184,1330,4118,
9512_043.jpg,224,224,table,53,206,2310,2743,2363,2949,
9513_030.jpg,224,224,table,226,706,2420,1450,2646,2156,
9513_030.jpg,224,224,table,223,1773,2420,2300,2643,4073,
9514_046.jpg,224,224,table,1284,1624,2378,1952,3662,3576,
9514_046.jpg,224,224,table,1276,2282,2378,2874,3654,5156,
9515_022.jpg,224,224,table,134,242,1620,1398,1754,1640,
9515_023.jpg,224,224,table,136,232,1616,1340,1752,1572,
9515_024.jpg,224,224,table,142,320,844,574,986,894,
9515_024.jpg,224,224,table,142,1390,1630,2696,1772,4086,
9516_001.jpg,224,224,table,540,368,2002,1606,2542,1974,
9516_041.jpg,224,224,table,100,480,2280,3175,2380,3655,
9517_037.jpg,224,224,table,220,1650,2256,2122,2476,3772,
9517_045.jpg,224,224,table,140,386,1758,2048,1898,2434,
9518_015.jpg,224,224,table,34,1126,1082,1532,1116,2658,
9518_015.jpg,224,224,table,1208,1494,2284,2176,3492,3670,
9518_018.jpg,224,224,table,205,1022,1281,1325,1486,2347,
9518_018.jpg,224,224,table,208,2502,1275,2825,1483,5327,
9519_034.jpg,224,224,table,636,440,2526,2940,3162,3380,
9519_045.jpg,224,224,table,576,1740,2444,2230,3020,3970,
9519_063.jpg,224,224,table,450,533,2353,1776,2803,2309,
9519_063.jpg,224,224,table,470,1942,2336,2680,2806,4622,
9520_037.jpg,224,224,table,494,824,1518,1258,2012,2082,
9520_041.jpg,224,224,table,470,152,1471,662,1941,814,
9520_041.jpg,224,224,table,470,764,1471,1298,1941,2062,
9520_041.jpg,224,224,table,1487,157,2500,665,3987,822,
9520_041.jpg,224,224,table,1487,765,2507,1311,3994,2076,
9520_041.jpg,224,224,table,472,1884,2512,2532,2984,4416,
9521_052.jpg,224,224,table,736,618,2420,1896,3156,2514,
9521_052.jpg,224,224,table,740,2062,2418,2710,3158,4772,
9522_041.jpg,224,224,table,86,456,1090,1348,1176,1804,
9522_041.jpg,224,224,table,78,1610,1082,2058,1160,3668,
9522_041.jpg,224,224,table,1134,632,2170,1616,3304,2248,
9522_055.jpg,224,224,table,40,283,963,2626,1003,2909,
9522_055.jpg,224,224,table,1144,522,2220,928,3364,1450,
9525_037.jpg,224,224,table,1250,2675,2410,2931,3660,5606,
9525_043.jpg,224,224,table,54,1114,1208,1364,1262,2478,
9525_043.jpg,224,224,table,48,1860,1240,2716,1288,4576,
9525_043.jpg,224,224,table,1226,318,2426,1548,3652,1866,
9526_017.jpg,224,224,table,845,2668,2224,3060,3069,5728,
9526_028.jpg,224,224,table,124,312,1276,1964,1400,2276,
9526_028.jpg,224,224,table,1294,458,2418,702,3712,1160,
9526_028.jpg,224,224,table,1288,2374,2424,2724,3712,5098,
9527_018.jpg,224,224,table,486,420,2363,2440,2849,2860,
9527_024.jpg,224,224,table,500,434,2352,870,2852,1304,
9527_024.jpg,224,224,table,502,2712,2346,3002,2848,5714,
9528_043.jpg,224,224,table,240,1450,2192,2008,2432,3458,
9528_043.jpg,224,224,table,246,2182,2204,2846,2450,5028,
9528_061.jpg,224,224,table,276,914,2212,1186,2488,2100,
9528_061.jpg,224,224,table,276,2108,2242,2576,2518,4684,
9528_061.jpg,224,224,table,312,2698,1834,2958,2146,5656,
9529_050.jpg,224,224,table,72,342,2042,1158,2114,1500,
9529_050.jpg,224,224,table,108,1372,2052,1620,2160,2992,
9529_050.jpg,224,224,table,104,2234,2040,2512,2144,4746,
9530_051.jpg,224,224,table,90,470,2394,1682,2484,2152,
9531_070.jpg,224,224,table,166,368,2328,1088,2494,1456,
9531_070.jpg,224,224,table,148,1100,2340,1788,2488,2888,
9531_073.jpg,224,224,table,50,260,2336,2876,2386,3136,
9532_146.jpg,224,224,table,563,490,2440,2853,3003,3343,
9533_038.jpg,224,224,table,1278,454,2326,1358,3604,1812,
9533_038.jpg,224,224,table,1270,1774,2328,2368,3598,4142,
9533_039.jpg,224,224,table,60,396,1113,2420,1173,2816,
9533_039.jpg,224,224,table,1143,1126,2240,2230,3383,3356,
9534_001.jpg,224,224,table,196,378,2146,956,2342,1334,
9534_001.jpg,224,224,table,184,1028,2160,1636,2344,2664,
9534_028.jpg,224,224,table,642,1388,1944,1981,2586,3369,
9535_027.jpg,224,224,table,136,552,1168,1008,1304,1560,
9535_027.jpg,224,224,table,124,1022,1168,1458,1292,2480,
9535_027.jpg,224,224,table,1246,446,2302,686,3548,1132,
9535_027.jpg,224,224,table,1216,712,2282,1334,3498,2046,
9535_027.jpg,224,224,table,1242,1474,2280,1850,3522,3324,
9536_010.jpg,224,224,table,302,1360,1238,1632,1540,2992,
9536_036.jpg,224,224,table,1272,2270,2392,2588,3664,4858,
9537_032.jpg,224,224,table,264,2148,1370,2476,1634,4624,
9537_038.jpg,224,224,table,256,650,1363,2986,1619,3636,
9537_038.jpg,224,224,table,1393,653,2526,2236,3919,2889,
9538_012.jpg,224,224,table,262,286,2264,1524,2526,1810,
9538_018.jpg,224,224,table,274,1912,2252,2354,2526,4266,
9538_022.jpg,224,224,table,230,273,2303,3023,2533,3296,
9538_031.jpg,224,224,table,184,732,2142,1314,2326,2046,
9540_040.jpg,224,224,table,548,1164,2496,1970,3044,3134,
9540_040.jpg,224,224,table,560,2426,2390,3276,2950,5702,
9541_023.jpg,224,224,table,83,483,2353,2163,2436,2646,
9541_028.jpg,224,224,table,162,500,2406,1274,2568,1774,
9541_028.jpg,224,224,table,148,1668,2392,2786,2540,4454,
9542_025.jpg,224,224,table,380,420,2160,1910,2540,2330,
9542_032.jpg,224,224,table,148,750,1886,2012,2034,2762,
9545_026.jpg,224,224,table,690,380,2486,2063,3176,2443,
9545_036.jpg,224,224,table,670,516,2490,2023,3160,2539,
9545_036.jpg,224,224,table,693,2586,2496,3193,3189,5779,
9546_030.jpg,224,224,table,203,370,2466,2313,2669,2683,
9548_034.jpg,224,224,table,376,1058,2254,1462,2630,2520,
9548_034.jpg,224,224,table,330,2034,2282,2542,2612,4576,
9548_035.jpg,224,224,table,138,918,2098,1362,2236,2280,
9548_035.jpg,224,224,table,152,1464,2104,1784,2256,3248,
9548_035.jpg,224,224,table,154,1886,1934,2394,2088,4280,
9549_009.jpg,224,224,table,1282,337,2302,597,3584,934,
9549_009.jpg,224,224,table,1278,688,2301,907,3579,1595,
9549_023.jpg,224,224,table,193,340,2360,2920,2553,3260,
9549_030.jpg,224,224,table,232,892,1270,1286,1502,2178,
9549_030.jpg,224,224,table,236,1476,1276,2366,1512,3842,
9549_030.jpg,224,224,table,1348,2120,2432,2948,3780,5068,
9550_050.jpg,224,224,table,972,486,3024,800,3996,1286,
9550_050.jpg,224,224,table,954,908,2734,1468,3688,2376,
9550_050.jpg,224,224,table,970,1624,3054,1832,4024,3456,
9550_056.jpg,224,224,table,203,383,3050,1873,3253,2256,
9551_062.jpg,224,224,table,303,536,2263,2996,2566,3532,
9552_001.jpg,224,224,table,812,488,2314,1900,3126,2388,
9552_038.jpg,224,224,table,80,346,2386,2980,2466,3326,
9552_039.jpg,224,224,table,76,380,2336,2700,2412,3080,
9553_023.jpg,224,224,table,132,776,1206,1788,1338,2564,
9553_023.jpg,224,224,table,138,2166,1202,3024,1340,5190,
9554_028.jpg,224,224,table,176,680,2390,2623,2566,3303,
9555_015.jpg,224,224,table,10,380,1786,1606,1796,1986,
9555_015.jpg,224,224,table,10,1790,1783,2803,1793,4593,
9556_021.jpg,224,224,table,126,1942,1174,2460,1300,4402,
9556_021.jpg,224,224,table,1220,940,2282,1352,3502,2292,
9556_021.jpg,224,224,table,1208,1370,2342,1872,3550,3242,
9557_020.jpg,224,224,table,283,513,2163,2396,2446,2909,
9557_035.jpg,224,224,table,310,810,2092,1528,2402,2338,
9560_038.jpg,224,224,table,173,246,2330,2510,2503,2756,
9561_026.jpg,224,224,table,158,1468,2252,2964,2410,4432,
9561_044.jpg,224,224,table,168,456,2218,932,2386,1388,
9561_044.jpg,224,224,table,168,1236,2222,1890,2390,3126,
9561_049.jpg,224,224,table,124,854,2188,1564,2312,2418,
9562_024.jpg,224,224,table,274,594,1300,817,1574,1411,
9562_053.jpg,224,224,table,20,403,2350,2333,2370,2736,
9563_061.jpg,224,224,table,36,528,2046,1234,2082,1762,
9563_061.jpg,224,224,table,276,1868,1732,2126,2008,3994,
9563_080.jpg,224,224,table,532,2438,2062,2886,2594,5324,
9563_104.jpg,224,224,table,274,904,2318,2154,2592,3058,
9565_029.jpg,224,224,table,50,273,2093,2903,2143,3176,
9565_038.jpg,224,224,table,160,1475,1190,1992,1350,3467,
9566_029.jpg,224,224,table,40,530,2216,2903,2256,3433,
9566_031.jpg,224,224,table,30,536,2176,2094,2206,2630,
9566_032.jpg,224,224,table,314,2212,1370,2742,1684,4954,
9566_032.jpg,224,224,table,1396,1168,2452,1872,3848,3040,
9567_052.jpg,224,224,table,202,284,1247,1005,1449,1289,
9567_052.jpg,224,224,table,207,1420,1234,1791,1441,3211,
9567_052.jpg,224,224,table,1281,282,2334,545,3615,827,
9567_052.jpg,224,224,table,192,1878,2338,3056,2530,4934,
9567_077.jpg,224,224,table,158,330,2268,1630,2426,1960,
9567_077.jpg,224,224,table,156,2338,1192,2942,1348,5280,
9568_033.jpg,224,224,table,278,420,2372,1448,2650,1868,
9568_033.jpg,224,224,table,268,2000,1308,2786,1576,4786,
9568_063.jpg,224,224,table,262,406,2332,1804,2594,2210,
9568_063.jpg,224,224,table,252,1866,2062,2966,2314,4832,
9569_017.jpg,224,224,table,243,446,2156,2926,2399,3372,
9569_024.jpg,224,224,table,490,446,2370,2286,2860,2732,
9569_026.jpg,224,224,table,530,453,2350,2476,2880,2929,
9569_027.jpg,224,224,table,460,450,2310,2760,2770,3210,
9570_027.jpg,224,224,table,50,386,2386,2873,2436,3259,
9570_030.jpg,224,224,table,160,2032,1278,2386,1438,4418,
9570_030.jpg,224,224,table,1338,2082,2460,2328,3798,4410,
9571_020.jpg,224,224,table,36,70,2490,500,2526,570,
9572_040.jpg,224,224,table,330,156,2440,2250,2770,2406,
9573_040.jpg,224,224,table,210,706,1256,1042,1466,1748,
9573_040.jpg,224,224,table,1282,420,2326,864,3608,1284,
9573_040.jpg,224,224,table,202,1638,1232,2070,1434,3708,
9573_040.jpg,224,224,table,1266,2392,2306,2698,3572,5090,
9574_049.jpg,224,224,table,236,356,3063,1580,3299,1936,
ti01410757.jpg,224,224,table,357,72,320,590,677,662,
ti01410757.jpg,224,224,table,290,73,67,402,357,475,
ti01410757.jpg,224,224,text,364,601,12,44,376,645,
ti01410757.jpg,224,224,text,365,365,10,57,375,422,
ti01410757.jpg,224,224,text,364,122,12,38.7,376,122,
ti01410757.jpg,224,224,text,654,298,18,99,672,397,
ti10161372.jpg,224,224,table,29,353,650,589,679,942,
ti10161372.jpg,224,224,text,102,400,425,60,527,460,
ti10161372.jpg,224,224,text,106,486,414,49,520,535,
ti10161372.jpg,224,224,text,569,494,73,14.6663,642,494,
ti10161372.jpg,224,224,text,105,524,418,99,523,623,
ti10161372.jpg,224,224,text,37,522,24,15,61,537,
ti10161372.jpg,224,224,text,36,470,36,11,72,481,
ti10161372.jpg,224,224,text,566,605,73,17,639,622,
ti10161372.jpg,224,224,text,105,646,406,25,511,671,
ti10161372.jpg,224,224,text,104,688,376,44,480,732,
ti10161404.jpg,224,224,table,30,341,650,600,680,941,
ti10161404.jpg,224,224,logo,45,118,272,66,317,184,
ti10161422.jpg,224,224,table,121,262,453,292,574,554,
ti10161433.jpg,224,224,logo,76,96,172,37,248,133,
ti10161433.jpg,224,224,text,74,213,224,68,298,281,
ti10161457.jpg,224,224,logo,41,125,192,46,233,171,
ti10161457.jpg,224,224,table,29,354,640,600,669,954,
ti10161457.jpg,224,224,text,114,596,416,141,530,737,
ti10161457.jpg,224,224,text,52,473,21,16,73,489,
ti10161457.jpg,224,224,text,49,745,18,21,67,766,
ti10161457.jpg,224,224,text,52,593,30,17,82,610,
ti10161457.jpg,224,224,text,122,406,398,30,520,436,
ti10161457.jpg,224,224,text,118,500,404,86,522,586,
ti10161457.jpg,224,224,text,117,770,409,43,526,813,
ti10161484.jpg,224,224,table,29,365,686,594,715,959,
ti10161484.jpg,224,224,logo,37,129,277,62,314,191,
ti10161491.jpg,224,224,logo,217,153,286,33,503,186,
ti10161491.jpg,224,224,table,29,397,656,552,685,949,
ti10161592.jpg,224,224,table,69,191,204,662,273,853,
ti10161592.jpg,224,224,text,89,748,16,60,105,808,
ti10161592.jpg,224,224,text,90,549,11,140,101,689,
ti10161592.jpg,224,224,text,91,207,17,113,108,320,
ti10161592.jpg,224,224,text,89,704,16,68,105,772,
ti10161592.jpg,224,224,text,41,779,10,58,51,837,
ti10161630.jpg,224,224,table,65,446,577,292,642,738,
ti10161630.jpg,224,224,text,68,534,394,55,462,589,
ti10161630.jpg,224,224,text,66,626,154,29.3333,220,626,
ti10161630.jpg,224,224,text,517,544,85,45,602,589,
ti10161630.jpg,224,224,text,513,670,93,14.6663,606,670,
ti10161631.jpg,224,224,table,70,485,601,268,671,753,
ti11121470.jpg,224,224,table,49.33,292,626,516,626,808,
ti11492017.jpg,224,224,table,89,254,473,288,562,542,
ti11492017.jpg,224,224,text,125,324,290,44,415,368,
ti11492017.jpg,224,224,text,506,296,50,18,556,314,
ti11492017.jpg,224,224,text,361,517,197,21,558,538,
ti11492017.jpg,224,224,text,122,445,222,49,344,494,
